{"posts":[{"username":"Samuele","text":"Che bella giornata per vedere alvo massacrato di botte","image":"https://www.accademiaartimarziali.it/media/k2/items/cache/6ddb2450462828abf9aabc88d6bfb7fe_L.jpg","title":"Alvo è il king"},{"username":"Normal","text":"asdasdads","image":"test","title":"test"},{"username":"Normal","text":"","image":"","title":""},{"username":"Normal","text":"","image":"","title":""},{"username":"Normal","text":"bella la vita","image":"https://www.gay.it/wp-content/uploads/2022/06/pride_monthgaypride2022i.jpg","title":"Alvi"}]}