{"items":[{"name": "Guinzaglio","description": "Guinzaglio per cani", "price": "99", "img":"https://www.delashop.it/wp-content/uploads/2017/07/2537CI389.jpg" },{"name":"Ciotola","description":"Ciotola bona bona","price": "5", "img": "https://www.delashop.it/wp-content/uploads/2017/07/2537CI389.jpg"},{"name":"Ciotola","description":"Ciotola bona bona","price": "5", "img": "https://www.delashop.it/wp-content/uploads/2017/07/2537CI389.jpg"},{"name":"Dildo","description":"Bello e lungo","price": "200", "img": "https://thailandsexshop.com/images/products/xl/45633-alt.jpg"}]}